homograph,word acc,phone acc,stress acc,syl acc,count
RODEO,0.9166666666666666,0.9166666666666666,0.9166666666666666,1.0,12
RAVEL,0.125,0.125,0.125,1.0,8
EXPATRIATE,0.0,0.0,0.7777777777777778,0.7777777777777778,9
RERELEASE,0.0,0.0,0.14285714285714285,1.0,7
AFFILIATE,0.75,0.75,0.75,0.75,4
CONJUGATE,0.6153846153846154,0.6153846153846154,1.0,1.0,13
DIAGNOSES,0.0,0.2222222222222222,0.7777777777777778,1.0,9
COORDINATE,0.2,0.2,0.2,0.2,10
LAMINATE,0.1111111111111111,0.1111111111111111,1.0,1.0,9
