homograph,word acc,phone acc,stress acc,syl acc,count
LAMINATE,0.5555555555555556,0.5555555555555556,1.0,1.0,9
RERELEASE,0.0,0.0,0.14285714285714285,0.7142857142857143,7
COORDINATE,0.0,0.0,0.0,0.0,10
CONJUGATE,0.38461538461538464,0.38461538461538464,1.0,1.0,13
AFFILIATE,1.0,1.0,1.0,1.0,4
RAVEL,0.125,0.125,0.125,1.0,8
RODEO,0.9166666666666666,0.9166666666666666,0.9166666666666666,0.9166666666666666,12
DIAGNOSES,0.0,0.2222222222222222,0.7777777777777778,1.0,9
EXPATRIATE,0.0,0.0,1.0,1.0,9
