homograph,word acc,phone acc,stress acc,syl acc,count
RERELEASE,0.0,0.0,0.14285714285714285,0.7142857142857143,7
RODEO,0.25,0.25,0.25,0.75,12
COORDINATE,0.0,0.0,0.3,0.3,10
AFFILIATE,1.0,1.0,1.0,1.0,4
CONJUGATE,1.0,1.0,1.0,1.0,13
RAVEL,0.125,0.125,0.125,1.0,8
EXPATRIATE,0.0,0.0,1.0,1.0,9
DIAGNOSES,0.3333333333333333,0.5555555555555556,0.7777777777777778,1.0,9
LAMINATE,0.3333333333333333,0.3333333333333333,1.0,1.0,9
