homograph,word acc,phone acc,stress acc,syl acc,count
RODEO,0.9166666666666666,0.9166666666666666,0.0,0.0,12
CONJUGATE,0.38461538461538464,0.38461538461538464,0.0,0.0,13
RAVEL,0.125,0.125,0.0,0.0,8
RERELEASE,0.0,0.0,0.0,0.0,7
EXPATRIATE,0.0,0.0,0.0,0.0,9
AFFILIATE,1.0,1.0,0.0,0.0,4
COORDINATE,0.0,0.0,0.0,0.0,10
LAMINATE,0.5555555555555556,0.5555555555555556,0.0,0.0,9
DIAGNOSES,0.0,0.2222222222222222,0.0,0.0,9
