homograph,word acc,phone acc,stress acc,syl acc,count
AFFILIATE,1.0,1.0,1.0,1.0,4
COORDINATE,0.8,0.8,1.0,1.0,10
DIAGNOSES,0.7777777777777778,0.7777777777777778,0.7777777777777778,1.0,9
CONJUGATE,1.0,1.0,1.0,1.0,13
RAVEL,0.875,0.875,0.875,1.0,8
RODEO,1.0,1.0,1.0,1.0,12
LAMINATE,0.1111111111111111,0.1111111111111111,1.0,1.0,9
EXPATRIATE,1.0,1.0,1.0,1.0,9
RERELEASE,1.0,1.0,1.0,1.0,7
