homograph,word acc,phone acc,stress acc,syl acc,count
RODEO,0.25,0.25,0.0,0.0,12
CONJUGATE,1.0,1.0,0.0,0.0,13
RAVEL,0.125,0.125,0.0,0.0,8
RERELEASE,0.0,0.0,0.0,0.0,7
EXPATRIATE,0.0,0.0,0.0,0.0,9
AFFILIATE,1.0,1.0,0.0,0.0,4
COORDINATE,0.0,0.0,0.0,0.0,10
LAMINATE,0.3333333333333333,0.3333333333333333,0.0,0.0,9
DIAGNOSES,0.3333333333333333,0.5555555555555556,0.0,0.0,9
