RERELEASE,0.0,0.0,7
COORDINATE,0.0,0.0,10
RAVEL,0.125,0.125,8
CONJUGATE,1.0,1.0,13
AFFILIATE,1.0,1.0,4
DIAGNOSES,0.3333333333333333,0.5555555555555556,9
RODEO,0.25,0.25,12
EXPATRIATE,0.0,0.0,9
LAMINATE,0.3333333333333333,0.3333333333333333,9
