homograph,word acc,phone acc,stress acc,syl acc,count
RODEO,0.9166666666666666,0.9166666666666666,0.0,0.0,12
CONJUGATE,0.6153846153846154,0.6153846153846154,0.0,0.0,13
RAVEL,0.125,0.125,0.0,0.0,8
RERELEASE,0.0,0.0,0.0,0.0,7
EXPATRIATE,0.0,0.0,0.0,0.0,9
AFFILIATE,0.75,0.75,0.0,0.0,4
COORDINATE,0.2,0.2,0.0,0.0,10
LAMINATE,0.1111111111111111,0.1111111111111111,0.0,0.0,9
DIAGNOSES,0.0,0.2222222222222222,0.0,0.0,9
