homograph,word acc,phone acc,stress acc,syl acc,count
REDO,0.0,0.1111111111111111,0.0,1.0,9
RETHINK,0.0,0.4,0.0,1.0,10
UPGRADE,0.7777777777777778,1.0,0.7777777777777778,1.0,9
